{"cameraMode":{"drawMode":0,"name":"Shaded","section":"Shading Mode"},"sceneLighting":true,"audioPlay":false,"sceneViewState":{"m_AlwaysRefresh":false,"showFog":true,"showSkybox":true,"showFlares":true,"showImageEffects":true,"showParticleSystems":true,"showVisualEffectGraphs":true,"m_FxEnabled":true},"in2DMode":false,"pivot":{"x":0.2790072560310364,"y":0.698655366897583,"z":-0.5830844640731812},"rotation":{"x":-0.040392499417066577,"y":0.959496796131134,"z":-0.18951064348220826,"w":-0.20450946688652039},"size":0.8906462788581848,"orthographic":true}